Model,Accuracy,MAE,Within +/-1
DecisionTree,0.5310344827586206,0.47586206896551725,0.993103448275862
RandomForest,0.6482758620689655,0.35172413793103446,1.0
GradientBoosting,0.6551724137931034,0.3471264367816092,0.9977011494252873
